<?xml version="1.0" encoding="UTF-8"?>
<preferences>
 <debug showDebugMenu="0" />
 <systemtable filter="All Interfaces">
  <columns>
   <connections preferredWidth="255" />
   <irq preferredWidth="47" />
  </columns>
 </systemtable>
 <library
   expandedCategories="Library/Interface Protocols,Library/Interface Protocols/PCI Express/QSYS Example Designs,Library,Library/Processors and Peripherals,Library/Processors and Peripherals/Peripherals,Library/Interface Protocols/PCI Express" />
 <window width="1920" height="1040" x="0" y="0" />
</preferences>
