{
	"system" : {
		"platform" : "windows64",
		"os_name" : "Windows 10",
		"os_version" : "10.0"
	},
	"error" : {
		"executable" : "quartus_map",
		"comment" : "not_applicable",
		"error_message" : "in_width <= 16",
		"source_file" : "/quartus/synth/opt/opt_op_decsel.cpp",
		"line" : "2046",
		"stack_trace" : "\t0x7fffe5717ba0: SYNTH_OPT + 0x17ba0 (?replace_decoder_nlut@RTL_OPERATOR@@AEAAXPEAVCDB_SGATE_NODE@@PEAVCDB_SGATE_NETLIST@@@Z + 0xfc)\n\t0x7fffe573074a: SYNTH_OPT + 0x3074a (?replace_decs_with_gates@RTL_OPERATOR@@QEAAHPEAVCDB_SGATE_NETLIST@@@Z + 0xfa)\n\t0x7fffe57281c6: SYNTH_OPT + 0x281c6 (RTL_OPERATOR::exit_cleaning + 0x82)\n\t0x7fffe573dcdb: SYNTH_OPT + 0x3dcdb (RTL_SCRIPT::call_common_rtl_fns + 0xa1b)\n\t0x7fffe573bdbb: SYNTH_OPT + 0x3bdbb (?call_named_function@RTL_SCRIPT@@AEAAHPEBD00HHH@Z + 0x54b)\n\t0x7fffe5740110: SYNTH_OPT + 0x40110 (RTL_SCRIPT::process_script + 0x4f4)\n\t0x7fffe5739b0f: SYNTH_OPT + 0x39b0f (RTL_ROOT::process_parallel_helper_script + 0x2ab)\n\t0x7ff82a803ba6: synth_sgn + 0x13ba6 (?sgn_run_rtl@@YA?AW4SGN_STATE_ENUM@@PEAVCMP_FACADE@@HHPEAVTHR_NAMED_PIPE@@1@Z + 0x1a6)\n\t0x7ff63bd74458: quartus_map + 0x4458 (?qsyn_execute_sgn@@YA?AW4SGN_STATE_ENUM@@PEAVCMP_FACADE@@AEAV?$vector@V?$basic_string@DU?$char_traits@D@std@@V?$allocator@D@2@@std@@V?$allocator@V?$basic_string@DU?$char_traits@D@std@@V?$allocator@D@2@@std@@@2@@std@@AEBV?$basic_string@DU?$char_traits@D@std@@V?$allocator@D@2@@4@PEAVTHR_NAMED_PIPE@@3@Z + 0x238)\n\t0x7ff63bd83f9c: quartus_map + 0x13f9c (?execute_core@QSYN_FRAMEWORK@@AEAA_NPEAVTHR_NAMED_PIPE@@0@Z + 0x12c)\n\t0x7ff63bd838f9: quartus_map + 0x138f9 (?execute@QSYN_FRAMEWORK@@UEAA_NXZ + 0x2e9)\n\t0x7ff84fa71067: comp_qexe + 0x11067 (qexe_do_grunt + 0xa7)\n\t0x7ff84fa76063: comp_qexe + 0x16063 (qexe_run + 0x353)\n\t0x7ff84fa76e51: comp_qexe + 0x16e51 (?qexe_standard_main@@YAHPEAVQEXE_FRAMEWORK@@PEAPEBUQEXE_OPTION_DEFINITION@@HPEAPEBD@Z + 0xc1)\n\t0x7ff63bd8b08b: quartus_map + 0x1b08b (?qsyn_main@@YAHHPEAPEBD@Z + 0x51b)\n\t0x7ff861182e98: CCL_MSG + 0x12e98 (?msg_main_thread@@YAPEAXPEAX@Z + 0x18)\n\t0x7ff86118467e: CCL_MSG + 0x1467e (?msg_thread_wrapper@@YAPEAXP6APEAXPEAX@Z0@Z + 0x6e)\n\t0x7ff861336660: ccl_mem + 0x16660 (?mem_thread_wrapper@@YAPEAXP6APEAXPEAX@Z0@Z + 0x70)\n\t0x7ff861182761: CCL_MSG + 0x12761 (?msg_exe_main@@YAHHPEAPEBDP6AHH0@Z@Z + 0xa1)\n\t0x7ff63bd99872: quartus_map + 0x29872 (__tmainCRTStartup + 0x10e)\n\t0x7ff878187603: KERNEL32 + 0x17603 (BaseThreadInitThunk + 0x13)\n\t0x7ff879d826a0: ntdll + 0x526a0 (RtlUserThreadStart + 0x20)\n",
		"subsystem" : "OPT"
	},
	"quartus" : {
		"quartus_bits" : "64",
		"version" : "18.1.0",
		"build" : "625",
		"edition" : "Lite Edition"
	}
}